"Year","Month","Demolition","Demolition (single storey village house/squatter hut)","demolition (bamboo scaffold attached to the external walls of a premises)","Building repair","Investigation on buildings Defects","Hillsides repairs","Buried services investigation","Removal of dangerous advertising signs","Removal of unauthorised building works","Defective drainage repairs/investigation","Prescribed inspection/repair for buildings","Prescribed inspection/repair for windows","Total"
"2011","6","0","0","0","34","2","13","0","12","275","18","0","0","354"
"2011","7","0","0","0","46","6","6","0","9","249","17","0","0","333"
"2011","8","0","0","0","41","4","8","0","34","762","41","0","0","890"
"2011","9","3","2","0","27","7","6","0","27","591","27","0","0","688"
"2011","10","1","1","0","36","9","6","0","28","780","22","0","0","882"
"2011","11","0","0","0","54","3","5","0","19","1191","25","0","0","1297"
"2011","12","1","0","1","27","9","11","0","9","1336","33","0","0","1426"
"2012","1","0","0","0","13","4","15","0","10","305","20","0","0","367"
"2012","2","0","0","0","20","6","12","0","19","680","19","0","0","756"
"2012","3","0","0","0","25","14","9","0","31","463","20","0","0","562"
"2012","4","0","0","0","8","18","7","0","5","376","17","0","0","431"
"2012","5","0","0","0","26","13","3","0","19","604","28","0","0","693"
"2012","6","0","0","0","19","9","19","0","16","675","28","0","0","766"
"2012","7","0","0","0","26","84","11","0","27","1358","32","0","0","1538"
"2012","8","1","0","0","35","15","10","0","11","1217","27","0","0","1316"
"2012","9","0","0","0","15","7","4","0","14","1525","19","0","0","1584"
"2012","10","0","0","0","44","4","9","0","46","1534","30","0","0","1667"
"2012","11","0","0","0","44","0","4","0","57","1338","59","0","0","1502"
"2012","12","0","0","0","32","8","7","0","13","2217","22","0","0","2299"
"2013","1","0","0","0","13","6","16","0","37","592","28","0","0","692"
"2013","2","1","0","1","14","1","10","0","6","759","10","0","0","801"
"2013","3","1","0","1","18","3","17","0","9","1262","32","0","0","1342"
"2013","4","0","0","0","27","0","4","0","6","1394","26","0","0","1457"
"2013","5","0","0","0","19","3","6","0","24","1044","27","0","0","1123"
"2013","6","1","0","1","26","2","5","0","14","656","19","0","0","723"
"2013","7","0","0","0","22","4","14","0","35","1084","26","0","0","1185"
"2013","8","2","1","0","38","5","15","0","35","1098","32","0","0","1225"
"2013","9","1","0","1","57","0","14","1","31","962","22","0","0","1088"
"2013","10","0","0","0","32","7","6","0","86","1142","34","0","0","1307"
"2013","11","1","0","1","38","2","5","0","64","988","29","0","0","1127"
"2013","12","5","0","0","26","2","0","0","13","1274","20","0","0","1340"
"2014","1","1","0","1","18","0","8","0","8","445","29","61","2047","2617"
"2014","2","1","1","0","12","2","16","0","4","586","25","1029","2777","4452"
"2014","3","0","0","0","24","1","11","0","5","1626","46","3788","13544","19045"
"2014","4","1","0","1","13","0","6","0","4","1709","21","676","3510","5940"
"2014","5","1","0","1","14","0","10","0","3","1454","17","342","1513","3354"
"2014","6","4","0","0","11","3","17","0","20","1548","16","1117","5938","8674"
"2014","7","0","0","0","25","2","1","0","32","1661","33","909","8564","11227"
"2014","8","0","0","0","30","1","6","0","24","688","23","3121","18958","22851"
"2014","9","1","0","1","9","0","5","0","20","494","17","1210","6641","8397"
"2014","10","0","0","0","23","1","11","0","425","501","26","2392","8252","11631"
"2014","11","1","0","1","18","1","6","0","39","439","27","959","11735","13225"
"2014","12","0","0","0","16","1","5","0","6","665","25","1933","22464","25115"
"2015","1","1","0","1","22","0","9","0","139","375","23","1745","3879","6193"
"2015","2","0","0","0","9","3","10","0","39","272","14","2108","6108","8563"
"2015","3","0","0","0","16","0","16","0","98","717","23","2166","4572","7608"
"2015","4","0","0","0","27","0","10","1","27","353","35","0","0","453"
"2015","5","0","0","0","14","4","10","0","102","536","18","1348","11046","13078"
"2015","6","0","0","0","16","0","9","0","46","664","21","580","15280","16616"
"2015","7","0","0","0","13","0","12","0","94","962","24","2538","16257","19900"
"2015","8","1","0","1","13","2","3","0","124","1966","25","509","9073","11716"
"2015","9","44","0","44","21","3","6","0","70","1414","12","170","10722","12462"
"2015","10","0","0","0","28","2","7","0","26","1124","38","0","19824","21049"
"2015","11","0","0","0","16","1","11","0","30","2003","38","336","5855","8290"
"2015","12","2","0","2","18","2","3","0","21","2532","40","19","20643","23280"
"2016","1","2","0","2","17","3","8","0","76","702","24","23","2291","3146"
"2016","2","0","0","0","20","4","0","0","61","713","17","13","701","1529"
"2016","3","0","0","0","19","6","8","0","69","779","20","13","1563","2477"
"2016","4","0","0","0","24","3","13","0","104","1080","25","5","6798","8052"
"2016","5","0","0","0","18","7","10","0","79","861","39","11","480","1505"
"2016","6","1","0","1","28","6","18","0","70","1224","36","154","3598","5135"
"2016","7","0","0","0","48","13","6","0","56","1305","21","210","11782","13441"
"2016","8","0","0","0","40","7","2","0","49","1153","34","231","15954","17470"
"2016","9","0","0","0","70","7","8","0","110","1311","23","2273","12293","16095"
"2016","10","0","0","0","95","6","5","0","136","1129","19","1676","19707","22773"
"2016","11","2","0","1","98","14","7","0","79","952","21","918","4577","6668"
"2016","12","0","0","0","80","9","0","0","19","1692","43","44","6536","8423"
"2017","1","1","0","0","80","8","1","0","69","851","53","22","45","1130"
"2017","2","1","0","1","123","17","1","0","49","888","22","1234","65","2400"
"2017","3","1","0","1","119","10","8","0","91","1226","51","370","250","2126"
"2017","4","4","0","1","151","5","4","0","77","871","27","3","34","1176"
"2017","5","2","0","2","58","7","1","0","30","837","29","8","45","1017"
"2017","6","7","0","0","43","22","3","0","105","563","28","5","36","812"
"2017","7","0","0","0","33","14","5","0","117","1193","18","300","425","2105"
"2017","8","5","0","1","34","2","6","0","74","1119","29","1345","1594","4208"
"2017","9","6","0","1","23","4","2","0","125","1345","62","973","3430","5970"
"2017","10","0","0","0","27","8","2","0","60","2032","39","2986","9217","14371"
"2017","11","1","0","1","20","3","2","0","37","1296","31","5056","14847","21293"
"2017","12","0","0","0","51","12","5","0","26","961","33","82","235","1405"
"2018","1","1","0","1","12","3","0","0","67","509","43","34","37","706"
"2018","2","0","0","0","18","5","2","0","39","358","24","11","59","516"
"2018","3","6","0","1","31","13","11","0","57","920","29","11","25","1103"
"2018","4","4","0","3","22","2","3","0","26","652","24","5","62","800"
"2018","5","1","0","0","17","2","1","0","72","1407","38","114","198","1850"
"2018","6","5","0","0","31","5","0","0","40","856","41","2461","4397","7836"
"2018","7","4","0","2","27","3","7","0","51","1255","50","1707","3269","6373"
"2018","8","2","0","0","41","0","2","0","63","1155","49","2698","4729","8739"
"2018","9","14","0","0","14","4","0","0","35","1079","36","1562","3294","6038"
"2018","10","10","0","3","34","3","1","0","58","1248","47","1983","3351","6735"
"2018","11","2","0","2","33","3","8","1","43","1255","71","325","646","2387"
"2018","12","1","0","0","30","5","7","0","74","2125","71","32","114","2459"
"2019","1","2","0","2","30","2","5","0","58","674","40","91","225","1127"
"2019","2","9","0","0","16","5","2","0","37","964","29","14","143","1219"
"2019","3","9","0","0","35","2","3","0","50","697","55","54","224","1129"
"2019","4","9","0","3","28","2","3","0","121","1490","46","81","88","1868"
"2019","5","3","1","0","43","1","5","0","94","1311","70","64","156","1747"
"2019","6","2","0","1","37","1","5","0","89","1439","51","43","706","2373"
"2019","7","1","0","0","37","0","1","0","163","1504","52","28","206","1992"
"2019","8","4","0","0","23","1","0","0","87","1072","36","45","166","1434"
"2019","9","1","0","1","29","0","6","0","43","1243","40","315","570","2247"
"2019","10","4","0","1","16","1","0","0","15","807","58","1026","2184","4111"
"2019","11","2","0","2","16","1","8","0","11","537","52","4779","13506","18914"
"2019","12","1","0","1","10","0","5","0","9","448","26","2300","7598","10397"
"2020","1","2","0","2","14","1","10","1","15","862","34","49","2481","3469"
"2020","2","0","0","0","3","1","0","0","2","47","121","0","653","827"
"2020","3","1","0","0","12","1","6","1","6","295","173","8","1723","2226"
"2020","4","4","0","3","9","0","0","0","2","267","204","2","721","1209"
"2020","5","0","0","0","28","2","7","0","30","656","203","95","2169","3190"
"2020","6","0","0","1","24","2","19","3","197","1040","102","69","187","1643"
"2020","7","2","0","1","24","1","3","0","80","520","166","25","94","915"
"2020","8","2","0","2","15","1","1","0","12","264","104","7","46","452"
"2020","9","4","0","3","32","0","8","0","49","912","144","354","2878","4381"
"2020","10","2","0","0","18","2","3","0","56","1099","136","1266","2765","5347"
"2020","11","1","0","1","20","0","2","0","42","1498","96","3019","11553","16231"
"2020","12","1","0","1","12","1","0","0","56","690","57","273","1052","2142"
"2021","1","0","0","0","10","0","1","0","19","257","129","6","1151","1573"
"2021","2","2","0","0","17","1","1","0","28","306","168","11","6107","6641"
"2021","3","2","0","0","30","2","3","1","184","1113","239","111","203","1888"
"2021","4","1","0","0","20","0","2","0","107","847","235","165","2057","3434"
"2021","5","3","0","0","11","0","3","0","49","1255","234","1450","3657","6662"
"2021","6","3","0","0","27","0","6","0","95","1060","367","922","5157","7637"
"2021","7","5","0","0","27","0","8","0","33","854","669","971","4314","6881"
"2021","8","9","0","0","16","1","6","0","20","892","786","992","4855","7577"
"2021","9","1","0","0","22","0","5","0","22","1121","954","1848","10834","14807"
"2021","10","9","0","0","21","2","1","0","19","902","1164","282","5988","8388"
"2021","11","2","0","0","18","1","7","0","24","1180","1575","386","2226","5419"
"2021","12","1","0","0","21","2","2","0","30","801","1873","84","56","2870"
"2022","1","5","0","0","17","2","8","0","17","1431","799","66","8516","10861"
"2022","2","0","0","0","8","0","3","0","1","165","190","4","15","386"
"2022","3","1","0","1","12","1","1","0","2","483","457","1","15","973"
"2022","4","5","0","0","13","1","3","0","32","827","526","21","51","1479"
"2022","5","2","0","0","11","1","3","0","93","1424","884","2947","3921","9286"
"2022","6","9","0","0","18","1","4","0","60","994","915","1775","6106","9882"
"2022","7","5","0","0","19","0","7","0","68","1036","706","2297","6388","10526"
"2022","8","3","0","0","23","24","0","0","100","918","190","1004","5113","7375"
"2022","9","7","2","0","22","0","2","0","53","2062","183","4622","14503","21454"
"2022","10","1","0","0","16","0","1","0","37","1826","117","603","1902","4503"
"2022","11","8","0","1","12","1","2","0","31","1974","210","61","1191","3490"
"2022","12","6","1","1","9","1","1","0","36","3168","261","246","2209","5937"
"2023","1","6","0","0","15","0","9","0","49","285","17","124","805","1310"
"2023","2","3","0","2","23","5","6","0","33","845","21","22","126","1084"
"2023","3","2","0","1","36","1","8","3","46","1031","27","83","652","1889"
"2023","4","5","0","0","20","2","3","0","49","799","35","601","2430","3944"
"2023","5","6","0","1","44","5","2","0","15","914","19","1095","2113","4213"
"2023","6","9","0","2","17","4","3","0","24","987","21","1075","4271","6411"
"2023","7","29","0","7","55","2","7","0","11","802","13","894","4946","6759"
"2023","8","7","1","3","99","2","1","0","20","821","21","795","3648","5414"
"2023","9","10","0","0","54","1","0","0","26","741","16","719","4421","5988"
"2023","10","16","0","0","37","0","4","0","22","553","26","1702","5231","7591"
"2023","11","5","0","3","37","4","1","0","22","408","23","1118","3708","5326"
"2023","12","3","0","0","20","6","1","0","81","923","18","146","237","1435"
"2024","1","8","0","4","36","1","8","0","19","546","24","29","161","832"
"2024","2","1","0","1","33","1","7","0","9","553","22","57","2531","3214"
"2024","3","0","0","0","24","3","12","0","31","987","26","101","3474","4658"
"2024","4","1","0","0","24","3","4","0","26","721","25","339","6997","8140"
"2024","5","3","0","0","40","0","4","0","16","589","32","569","3202","4455"
"2024","6","3","0","0","66","4","3","9","40","1017","32","721","7460","9355"
"2024","7","3","0","2","45","1","5","0","94","659","10","615","10234","11666"
"2024","8","1","0","0","50","3","0","0","52","702","8","800","3460","5076"
"2024","9","2","0","1","47","2","4","0","20","656","15","710","1074","2530"
"2024","10","11","0","3","40","1","2","5","52","809","42","335","1322","2619"
"2024","11","1","0","1","37","3","2","0","77","517","66","550","611","1864"
"2024","12","2","0","2","45","0","0","0","9","318","33","81","4","492"
"2025","1","2","0","2","25","2","2","0","19","422","47","52","1246","1817"
"2025","2","8","0","1","23","3","3","0","13","560","37","305","3764","4716"
"2025","3","15","0","2","24","3","8","0","68","676","75","775","4662","6306"
"2025","4","3","0","3","47","0","10","0","13","464","82","644","4886","6149"
"2025","5","5","0","0","45","3","3","0","7","985","69","236","6611","7964"
"2025","6","0","0","0","51","3","7","0","21","787","54","602","8291","9816"
"2025","7","4","0","0","35","3","9","0","92","705","65","2719","6287","9919"
"2025","8","5","0","2","39","2","0","0","41","504","76","138","2456","3261"
"2025","9","3","0","2","38","0","2","0","24","898","67","127","38","1197"
"2025","10","5","0","3","47","3","1","0","32","406","56","24","47","621"
"2025","11","6","0","2","32","1","1","0","2","413","62","31","20","568"
"2025","12","2","0","0","12","1","0","0","1","292","50","7","8","373"
"2026","1","1","0","0","36","3","10","0","20","759","79","14","31","953"
"2026","2","0","0","0","12","0","3","0","15","544","47","7","7","635"
"2026","3","6","0","2","53","0","3","0","14","754","82","27","1526","2465"
