"Year","Month","Demolition","Building repair","Investigation on buildings Defects","Hillsides repairs","Buried services investigation","Removal of dangerous advertising signs","Removal of unauthorised building works","Defective drainage repairs/investigation","Prescribed inspection/repair for buildings","Prescribed inspection/repair for windows","Total"
"2011","6","4","21","3","16","0","46","917","20","0","0","1027"
"2011","7","0","9","4","20","0","32","797","14","0","0","876"
"2011","8","0","35","3","4","0","42","766","25","0","0","875"
"2011","9","0","34","1","4","1","45","467","13","0","0","565"
"2011","10","1","24","6","2","0","50","664","23","0","0","770"
"2011","11","0","23","13","15","0","56","889","11","0","0","1007"
"2011","12","1","13","4","2","0","87","736","13","0","0","856"
"2012","1","0","10","0","15","0","19","362","35","0","0","441"
"2012","2","0","15","64","5","1","53","408","16","0","0","562"
"2012","3","0","13","5","5","0","46","541","20","0","0","630"
"2012","4","0","12","6","7","0","9","373","19","0","0","426"
"2012","5","0","17","1","1","0","21","526","20","0","0","586"
"2012","6","0","28","7","3","1","17","597","23","0","0","676"
"2012","7","0","16","3","2","0","28","615","22","0","0","686"
"2012","8","4","35","1","9","0","22","603","25","0","0","699"
"2012","9","0","30","1","5","0","14","535","18","0","0","603"
"2012","10","0","23","3","11","0","19","500","16","0","0","572"
"2012","11","0","27","2","6","0","28","1000","16","0","0","1079"
"2012","12","0","15","0","6","0","65","750","12","0","0","848"
"2013","1","1","15","4","12","0","25","732","14","0","0","803"
"2013","2","0","14","3","4","0","18","524","16","0","0","579"
"2013","3","1","21","1","5","0","17","483","14","0","0","542"
"2013","4","1","25","4","0","0","8","711","7","0","0","756"
"2013","5","1","27","4","9","0","16","769","15","0","0","841"
"2013","6","0","34","18","5","0","9","687","19","0","0","772"
"2013","7","0","50","4","9","0","22","828","15","0","0","928"
"2013","8","0","45","5","7","0","22","718","31","0","0","828"
"2013","9","1","29","10","6","1","32","634","22","0","0","735"
"2013","10","0","34","4","9","0","33","824","16","0","0","920"
"2013","11","0","26","2","3","0","58","538","19","0","0","646"
"2013","12","0","13","4","6","0","50","541","13","0","0","627"
"2014","1","0","15","5","31","0","8","877","13","26","61","1036"
"2014","2","0","15","4","4","0","11","783","6","2","381","1206"
"2014","3","1","31","2","6","1","4","1105","33","39","432","1654"
"2014","4","1","24","8","3","0","29","1085","28","11","983","2172"
"2014","5","1","20","0","0","1","12","1226","21","3","2398","3682"
"2014","6","1","43","2","11","0","22","1190","24","94","4131","5518"
"2014","7","1","25","7","7","0","19","1237","21","260","16267","17844"
"2014","8","0","35","11","1","0","20","1418","19","149","15065","16718"
"2014","9","0","27","2","3","0","30","1024","18","85","7346","8535"
"2014","10","1","57","5","3","0","225","1014","27","210","4589","6131"
"2014","11","0","41","6","13","0","170","782","19","60","4095","5186"
"2014","12","0","13","3","0","0","16","639","11","45","2216","2943"
"2015","1","0","47","2","7","0","99","1218","37","114","5535","7059"
"2015","2","0","39","9","2","0","40","948","25","163","15305","16531"
"2015","3","1","34","2","5","0","65","1198","20","30","11993","13348"
"2015","4","2","29","15","2","0","80","1267","27","61","10305","11788"
"2015","5","1","32","4","1","0","43","1024","32","50","7435","8622"
"2015","6","0","27","1","4","0","67","1073","34","129","6956","8291"
"2015","7","0","19","1","8","0","55","1147","32","152","9820","11234"
"2015","8","0","26","7","4","0","39","1247","29","251","10131","11734"
"2015","9","6","34","3","5","0","54","1268","28","711","11133","13242"
"2015","10","0","32","7","5","0","67","1089","14","842","13123","15179"
"2015","11","1","27","14","10","1","59","1107","22","1492","10290","13023"
"2015","12","0","45","5","22","0","12","1076","26","252","11601","13039"
"2016","1","1","27","6","7","1","32","1025","29","282","11983","13393"
"2016","2","2","23","3","4","0","52","858","24","253","11640","12859"
"2016","3","46","39","4","11","0","56","1162","24","405","13380","15127"
"2016","4","0","48","8","8","0","61","1011","34","968","15980","18118"
"2016","5","0","34","12","5","0","84","1299","28","668","23169","25299"
"2016","6","0","30","5","5","0","60","1198","26","241","12941","14506"
"2016","7","0","67","4","21","0","35","1013","28","858","9619","11645"
"2016","8","0","30","5","5","0","60","1307","27","1468","7255","10157"
"2016","9","0","34","8","3","0","74","1306","18","737","9040","11220"
"2016","10","0","36","4","5","0","162","1470","12","885","12513","15087"
"2016","11","0","33","13","7","0","154","1676","22","812","11698","14415"
"2016","12","0","24","2","2","0","39","1113","14","704","12554","14452"
"2017","1","0","25","4","7","0","26","1274","28","473","8714","10551"
"2017","2","1","22","4","14","0","44","1512","36","702","8324","10659"
"2017","3","1","44","9","14","0","46","1417","41","721","7305","9598"
"2017","4","1","41","1","13","0","62","1208","14","454","2644","4438"
"2017","5","0","27","6","10","0","76","1278","18","497","3843","5755"
"2017","6","3","63","7","8","0","107","1381","44","547","2035","4195"
"2017","7","0","65","8","8","0","82","1351","22","396","1388","3320"
"2017","8","3","71","7","15","0","68","1425","24","840","1621","4074"
"2017","9","2","45","5","7","0","66","1127","23","1766","1983","5024"
"2017","10","6","49","6","12","0","54","1318","34","523","2785","4787"
"2017","11","0","37","8","3","0","40","1167","18","579","6430","8282"
"2017","12","0","14","0","5","0","8","993","24","477","9159","10680"
"2018","1","3","27","8","9","0","79","1196","28","401","5259","7010"
"2018","2","0","25","1","1","0","34","1006","28","536","4055","5686"
"2018","3","3","61","11","12","0","68","1190","34","1134","2973","5486"
"2018","4","1","31","9","4","0","16","846","32","618","2307","3864"
"2018","5","3","31","6","16","0","41","1371","16","2034","1443","4961"
"2018","6","0","33","3","1","0","60","1235","39","744","2473","4588"
"2018","7","3","31","3","5","0","78","1178","29","1089","2376","4792"
"2018","8","4","44","4","3","0","74","1174","25","2866","2917","7111"
"2018","9","1","33","3","6","0","25","742","16","562","1768","3156"
"2018","10","2","36","4","5","0","48","1111","39","1169","3993","6407"
"2018","11","7","41","2","3","0","76","948","31","831","3474","5413"
"2018","12","0","28","3","9","0","37","748","20","535","2821","4201"
"2019","1","0","25","7","16","0","61","831","20","950","3200","5110"
"2019","2","8","26","3","9","0","65","982","23","721","1947","3784"
"2019","3","4","29","7","0","0","55","936","31","599","2148","3809"
"2019","4","9","40","2","4","0","91","1034","52","708","2863","4803"
"2019","5","4","32","2","1","0","78","1380","57","672","2742","4968"
"2019","6","3","30","4","4","0","60","1156","39","699","1740","3735"
"2019","7","3","46","8","1","0","113","1251","33","925","1947","4327"
"2019","8","0","37","7","1","0","67","1051","27","1195","1642","4027"
"2019","9","8","39","3","5","0","84","1300","32","1013","1597","4081"
"2019","10","6","44","4","2","0","62","1314","52","836","1601","3921"
"2019","11","2","32","3","9","0","20","1074","36","1060","2056","4292"
"2019","12","5","26","3","9","0","11","639","16","1012","2946","4667"
"2020","1","1","32","1","7","0","19","900","30","858","2379","4227"
"2020","2","0","3","1","1","0","4","133","9","165","629","945"
"2020","3","1","22","2","2","0","47","634","35","539","1713","2995"
"2020","4","1","6","2","0","0","46","526","49","527","1393","2550"
"2020","5","5","55","3","4","0","61","966","178","826","4572","6670"
"2020","6","1","39","3","2","0","65","944","130","915","5277","7376"
"2020","7","0","1","1","6","0","30","778","54","660","3122","4652"
"2020","8","0","7","4","3","0","57","324","40","417","1439","2291"
"2020","9","0","25","3","4","0","81","1158","111","1192","2761","5335"
"2020","10","0","12","8","8","0","78","964","98","926","2630","4724"
"2020","11","0","21","3","10","0","18","956","95","1321","3766","6190"
"2020","12","0","8","2","17","0","4","254","72","498","2364","3219"
"2021","1","0","16","3","4","0","47","582","35","574","2572","3833"
"2021","2","0","28","3","5","0","63","596","125","895","3356","5071"
"2021","3","0","33","4","10","0","94","923","148","1042","5683","7937"
"2021","4","0","24","4","2","0","90","898","154","1027","3738","5937"
"2021","5","0","38","3","4","0","92","924","165","246","1001","2473"
"2021","6","1","24","7","14","0","59","1154","157","2573","6250","10239"
"2021","7","0","25","5","8","0","105","1126","156","1112","3586","6123"
"2021","8","0","17","5","12","0","70","1191","141","1244","3765","6445"
"2021","9","1","25","1","7","0","37","918","210","879","4314","6392"
"2021","10","1","19","2","2","0","8","829","161","846","4526","6394"
"2021","11","0","16","2","13","0","10","892","164","1058","6250","8405"
"2021","12","0","12","5","18","0","9","485","239","1049","5249","7066"
"2022","1","0","21","0","10","0","48","1193","156","805","4941","7174"
"2022","2","1","8","1","1","0","12","277","62","318","2017","2697"
"2022","3","0","10","1","1","0","39","503","122","732","4681","6089"
"2022","4","0","23","5","2","0","21","736","184","514","3338","4823"
"2022","5","0","28","11","10","0","37","1092","317","672","3930","6097"
"2022","6","0","23","5","3","0","45","969","274","863","4350","6532"
"2022","7","0","20","1","9","0","53","1034","318","930","4072","6437"
"2022","8","0","24","0","6","0","88","1204","672","1096","4286","7376"
"2022","9","0","17","1","7","0","126","1189","278","1632","5712","8962"
"2022","10","0","25","3","21","0","57","1218","407","1619","5867","9217"
"2022","11","1","18","5","9","0","30","948","505","1734","6072","9322"
"2022","12","0","21","0","12","3","16","627","222","1425","5311","7637"
"2023","1","1","39","2","11","0","55","1255","221","1354","4064","7002"
"2023","2","0","14","8","6","0","58","1333","233","1492","4577","7721"
"2023","3","0","48","3","16","0","45","1607","199","1407","4108","7433"
"2023","4","0","21","2","9","0","34","928","83","813","2185","4075"
"2023","5","1","40","3","5","0","39","1562","91","975","2505","5221"
"2023","6","2","28","4","5","0","63","1529","130","1331","2906","5998"
"2023","7","0","25","1","8","0","30","1375","91","1078","3687","6295"
"2023","8","0","39","4","18","0","25","1335","155","1342","3374","6292"
"2023","9","1","39","3","1","0","22","1147","164","1202","3061","5640"
"2023","10","3","23","5","5","0","20","1475","501","963","3578","6573"
"2023","11","0","1","0","5","0","16","162","227","1231","4150","5792"
"2023","12","0","8","0","17","0","17","891","117","882","3582","5514"
"2024","1","0","44","3","3","0","37","1291","168","1192","2955","5693"
"2024","2","0","30","4","2","0","23","826","115","731","1838","3569"
"2024","3","0","31","2","8","0","40","624","154","762","2250","3871"
"2024","4","0","21","3","6","0","14","736","124","672","2880","4456"
"2024","5","0","17","0","0","0","15","694","121","762","3461","5070"
"2024","6","0","26","0","3","0","19","747","127","663","2777","4362"
"2024","7","0","25","1","4","0","26","708","23","778","3089","4654"
"2024","8","0","26","2","4","0","51","821","71","629","3579","5183"
"2024","9","0","51","5","0","0","81","1392","146","643","3236","5554"
"2024","10","0","28","1","7","0","63","1147","47","659","4544","6496"
"2024","11","0","29","1","7","0","54","795","83","707","4831","6507"
"2024","12","0","15","3","6","0","27","263","91","897","5805","7107"
"2025","1","0","47","3","7","0","48","1212","87","521","3449","5374"
"2025","2","0","43","3","2","0","31","946","134","541","3219","4919"
"2025","3","0","49","0","7","0","24","968","126","825","2877","4876"
"2025","4","0","41","2","1","0","33","746","174","858","2380","4235"
"2025","5","0","39","5","4","0","31","920","195","738","3732","5664"
"2025","6","0","38","3","4","0","20","962","194","731","3686","5638"
"2025","7","0","41","15","9","0","27","948","192","821","4522","6575"
"2025","8","0","51","2","2","0","45","839","197","830","4476","6442"
"2025","9","0","35","5","3","0","36","838","208","1083","4442","6650"
"2025","10","0","27","3","2","0","49","720","154","960","2975","4890"
"2025","11","0","20","4","11","0","13","435","175","957","2724","4339"
"2025","12","1","17","3","25","9","8","284","172","861","1532","2912"
"2026","1","0","45","2","6","0","22","1389","141","784","2402","4791"
"2026","2","0","25","2","1","0","10","705","116","370","1597","2826"
"2026","3","0","39","3","2","0","32","779","180","375","2394","3804"
